ip_address,role
10.0.73.213,Workstation
10.0.59.59,Workstation
10.0.190.104,Workstation
10.0.86.55,Workstation
10.0.238.110,Workstation
10.0.49.151,Workstation
10.0.101.85,Workstation
10.0.35.170,Workstation
10.0.146.17,Workstation
10.0.128.59,Workstation
10.0.242.120,Workstation
10.0.56.169,Workstation
10.0.104.22,Workstation
10.0.197.219,Workstation
10.0.59.101,Workstation
10.0.19.186,Workstation
10.0.108.157,Workstation
10.0.26.100,Workstation
10.0.118.96,Workstation
10.0.75.140,Workstation
10.0.106.155,Workstation
10.0.187.47,Workstation
10.0.30.122,Workstation
10.0.11.224,Workstation
10.0.209.5,Workstation
10.0.45.125,Workstation
10.0.209.117,Workstation
10.0.62.188,Workstation
10.0.86.187,Workstation
10.0.255.254,Workstation
10.0.2.188,Workstation
10.0.29.75,Workstation
10.0.255.152,Workstation
10.0.68.28,Workstation
10.0.202.175,Workstation
10.0.142.154,Workstation
10.0.231.22,Workstation
10.0.125.158,Workstation
10.0.57.143,Workstation
10.0.26.11,Workstation
10.0.244.121,Workstation
10.0.133.152,Workstation
10.0.202.37,Workstation
10.0.251.52,Workstation
10.0.61.232,Workstation
10.0.28.79,Workstation
10.0.251.20,Workstation
10.0.100.149,Workstation
10.0.45.50,Workstation
10.0.250.2,Workstation
10.0.247.210,Workstation
10.0.176.21,Workstation
10.0.164.114,Workstation
10.0.103.7,Workstation
10.0.97.101,Workstation
10.0.244.243,Workstation
10.0.66.250,Workstation
10.0.50.101,Workstation
10.0.90.248,Workstation
10.0.63.133,Workstation
10.0.65.236,Workstation
10.0.143.61,Workstation
10.0.239.207,Workstation
10.0.238.24,Workstation
10.0.127.55,Workstation
10.0.1.135,Workstation
10.0.29.131,Workstation
10.0.47.160,Workstation
10.0.147.201,Workstation
10.0.249.15,Workstation
10.0.167.199,Workstation
10.0.118.192,Workstation
10.0.45.88,Workstation
10.0.125.217,Workstation
10.0.34.125,Workstation
10.0.209.136,Workstation
10.0.18.75,Workstation
10.0.131.175,Workstation
10.0.4.230,Workstation
10.0.204.187,Workstation
10.0.84.48,Workstation
10.0.99.199,Workstation
10.0.104.248,Workstation
10.0.220.95,Workstation
10.0.188.42,Workstation
10.0.117.241,Workstation
10.0.163.169,Workstation
10.0.208.66,Workstation
10.0.150.94,Workstation
10.0.174.58,Workstation
10.0.231.240,Workstation
10.0.77.111,Workstation
10.0.141.134,Workstation
10.0.36.236,Workstation
10.0.143.198,Workstation
10.0.75.252,Workstation
10.0.68.170,Workstation
10.0.186.44,Workstation
10.0.215.96,Workstation
10.0.140.83,Workstation
10.0.114.242,Workstation
10.0.95.97,Workstation
10.0.156.27,Workstation
10.0.60.55,Workstation
10.0.111.62,Workstation
10.0.54.59,Workstation
10.0.29.129,Workstation
10.0.209.223,Workstation
10.0.41.102,Workstation
10.0.223.115,Workstation
10.0.181.67,Workstation
10.0.1.247,Workstation
10.0.7.210,Workstation
10.0.226.69,Workstation
10.0.171.173,Workstation
10.0.129.30,Workstation
10.0.34.167,Workstation
10.0.176.133,Workstation
10.0.79.107,Workstation
10.0.165.210,Workstation
10.0.36.138,Workstation
10.0.46.66,Workstation
10.0.177.133,Workstation
10.0.31.110,Workstation
10.0.128.117,Workstation
10.0.211.11,Workstation
10.0.129.133,Workstation
10.0.221.157,Workstation
10.0.109.26,Workstation
10.0.62.176,Workstation
10.0.69.49,Workstation
10.0.99.212,Workstation
10.0.221.132,Workstation
10.0.14.99,Workstation
10.0.219.45,Workstation
10.0.165.111,Workstation
10.0.84.77,Workstation
10.0.241.233,Workstation
10.0.153.85,Workstation
10.0.225.224,Workstation
10.0.162.34,Workstation
10.0.87.40,Workstation
10.0.174.122,Workstation
10.0.121.163,Workstation
10.0.59.116,Workstation
10.0.238.63,Workstation
10.0.191.112,Workstation
10.0.210.248,Workstation
10.0.134.150,Workstation
10.0.184.51,Workstation
10.0.187.140,Workstation
10.0.162.53,Workstation
10.0.29.73,Workstation
10.0.92.204,Workstation
10.0.122.165,Workstation
10.0.103.131,Workstation
10.0.102.2,Workstation
10.0.206.110,Workstation
10.0.21.84,Workstation
10.0.155.184,Workstation
10.0.71.76,Workstation
10.0.72.13,Workstation
10.0.134.11,Workstation
10.0.197.4,Workstation
10.0.156.128,Workstation
10.0.163.23,Workstation
10.0.27.18,Workstation
10.0.184.78,Workstation
10.0.31.6,Workstation
10.0.29.92,Workstation
10.0.241.48,Workstation
10.0.54.35,Workstation
10.0.159.119,Workstation
10.0.132.123,Workstation
10.0.221.117,Workstation
10.0.134.213,Workstation
10.0.76.142,Workstation
10.0.212.141,Workstation
10.0.56.3,Workstation
10.0.120.169,Workstation
10.0.210.126,Workstation
10.0.51.231,Workstation
10.0.82.237,Workstation
10.0.26.190,Workstation
10.0.103.104,Workstation
10.0.97.201,Workstation
10.0.213.131,Workstation
10.0.129.108,Workstation
10.0.225.70,Workstation
10.0.57.105,Workstation
10.0.123.156,Workstation
10.0.40.196,Workstation
10.0.141.74,Workstation
10.0.157.6,Workstation
10.0.108.85,Workstation
10.0.208.115,Workstation
10.0.144.52,Workstation
10.0.235.192,Workstation
10.0.95.13,Workstation
10.0.103.55,Workstation
10.0.227.191,Workstation
10.0.61.129,Workstation
10.0.80.177,Workstation
10.0.192.218,Workstation
10.0.115.186,Workstation
10.0.28.1,Workstation
10.0.222.199,Workstation
10.0.68.175,Workstation
10.0.229.229,Workstation
10.0.50.41,Workstation
10.0.132.112,Workstation
10.0.74.30,Workstation
10.0.168.227,Workstation
10.0.85.132,Workstation
10.0.246.230,Workstation
10.0.239.181,Workstation
10.0.108.32,Workstation
10.0.30.236,Workstation
10.0.56.102,Workstation
10.0.240.22,Workstation
10.0.88.32,Workstation
10.0.177.162,Workstation
10.0.52.163,Workstation
10.0.96.5,Workstation
10.0.177.78,Workstation
10.0.236.79,Workstation
10.0.121.242,Workstation
10.0.76.135,Workstation
10.0.76.46,Workstation
10.0.23.89,Workstation
10.0.46.17,Workstation
10.0.19.116,Workstation
10.0.18.234,Workstation
10.0.192.12,Workstation
10.0.149.177,Workstation
10.0.123.98,Workstation
10.0.91.146,Workstation
10.0.102.193,Workstation
10.0.53.48,Workstation
10.0.81.10,Workstation
10.0.191.145,Workstation
10.0.97.101,Workstation
10.0.16.20,Workstation
10.0.136.175,Workstation
10.0.60.205,Workstation
10.0.14.222,Workstation
10.0.58.114,Workstation
10.0.200.221,Workstation
10.0.15.101,Workstation
10.0.250.31,Workstation
10.0.228.13,Workstation
10.0.93.40,Workstation
10.0.13.77,Workstation
10.0.245.65,Workstation
10.0.64.222,Workstation
10.0.93.100,Workstation
10.0.209.23,Workstation
10.0.9.207,Workstation
10.0.56.192,Workstation
10.0.193.137,Workstation
10.0.222.32,Workstation
10.0.40.94,Workstation
10.0.229.247,Workstation
10.0.251.251,Workstation
10.0.81.205,Workstation
10.0.197.67,Workstation
10.0.143.185,Workstation
10.0.106.76,Workstation
10.0.185.69,Workstation
10.0.55.56,Workstation
10.0.77.195,Workstation
10.0.137.139,Workstation
10.0.239.44,Workstation
10.0.94.240,Workstation
10.0.21.203,Workstation
10.0.8.138,Workstation
10.0.194.94,Workstation
10.0.42.2,Workstation
10.0.123.80,Workstation
10.0.96.239,Workstation
10.0.102.215,Workstation
10.0.56.247,Workstation
10.0.46.34,Workstation
10.0.248.130,Workstation
10.0.200.121,Workstation
10.0.72.14,Workstation
10.0.68.55,Workstation
10.0.10.140,Workstation
10.0.177.211,Workstation
10.0.77.76,Workstation
10.0.148.80,Workstation
10.0.59.93,Workstation
10.0.249.141,Workstation
10.0.209.173,Workstation
10.0.30.171,Workstation
10.0.135.136,Workstation
10.0.240.41,Workstation
10.0.37.85,Workstation
10.0.115.210,Workstation
10.0.198.29,Workstation
10.0.183.125,Workstation
10.0.139.179,Workstation
10.0.132.248,Workstation
10.0.187.11,Workstation
10.0.213.28,Workstation
10.0.63.229,Workstation
10.0.53.180,Workstation
10.0.85.191,Workstation
10.0.45.54,Workstation
10.0.25.20,Workstation
10.0.63.104,Workstation
10.0.130.131,Workstation
10.0.8.218,Workstation
10.0.241.74,Workstation
10.0.20.219,Workstation
10.0.215.248,Workstation
10.0.107.129,Workstation
10.0.25.242,Workstation
10.0.49.191,Workstation
10.0.181.207,Workstation
10.0.255.207,Workstation
10.0.214.234,Workstation
10.0.202.28,Workstation
10.0.123.22,Workstation
10.0.183.86,Workstation
10.0.196.202,Workstation
10.0.77.23,Workstation
10.0.26.78,Workstation
10.0.220.101,Workstation
10.0.105.40,Workstation
10.0.239.206,Workstation
10.0.39.164,Workstation
10.0.196.2,Workstation
10.0.138.95,Workstation
10.0.38.85,Workstation
10.0.27.98,Workstation
10.0.190.170,Workstation
10.0.113.85,Workstation
10.0.111.79,Workstation
10.0.183.5,Workstation
10.0.183.46,Workstation
10.0.243.106,Workstation
10.0.56.11,Workstation
10.0.48.243,Workstation
10.0.131.202,Workstation
10.0.20.93,Workstation
10.0.97.86,Workstation
10.0.218.133,Workstation
10.0.85.52,Workstation
10.0.179.162,Workstation
10.0.81.195,Workstation
10.0.121.195,Workstation
10.0.87.69,Workstation
10.0.224.225,Workstation
10.0.51.137,Workstation
10.0.26.231,Workstation
10.0.184.7,Workstation
10.0.60.93,Workstation
10.0.167.52,Workstation
10.0.63.69,Workstation
10.0.71.147,Workstation
10.0.104.64,Workstation
10.0.224.197,Workstation
10.0.199.211,Workstation
10.0.104.132,Workstation
10.0.10.69,Workstation
10.0.103.233,Workstation
10.0.147.29,Workstation
10.0.108.101,Workstation
10.0.63.3,Workstation
10.0.54.142,Workstation
10.0.64.130,Workstation
10.0.130.149,Workstation
10.0.244.109,Workstation
10.0.127.49,Workstation
10.0.175.164,Workstation
10.0.106.117,Workstation
10.0.197.112,Workstation
10.0.36.99,Workstation
10.0.35.139,Workstation
10.0.54.33,Workstation
10.0.232.133,Workstation
10.0.121.147,Workstation
10.0.71.86,Workstation
10.0.181.86,Workstation
10.0.43.219,Workstation
10.0.91.115,Workstation
10.0.226.219,Workstation
10.0.165.199,Workstation
10.0.53.168,Workstation
10.0.95.167,Workstation
10.0.20.222,Workstation
10.0.165.229,Workstation
10.0.242.121,Workstation
10.0.101.226,Workstation
10.0.202.210,Workstation
10.0.236.2,Workstation
10.0.140.229,Workstation
10.0.147.128,Workstation
10.0.253.163,Workstation
10.0.206.194,Workstation
10.0.135.197,Workstation
10.0.129.146,Workstation
10.0.207.230,Workstation
10.0.110.12,Workstation
10.0.157.138,Workstation
10.0.162.209,Workstation
10.0.32.10,Workstation
10.0.102.16,Workstation
10.0.7.155,Workstation
10.0.174.134,Workstation
10.0.173.102,Workstation
10.0.255.148,Workstation
10.0.221.179,Workstation
10.0.40.188,Workstation
10.0.23.47,Workstation
10.0.204.139,Workstation
10.0.195.46,Workstation
10.0.239.67,Workstation
10.0.158.145,Workstation
10.0.136.27,Workstation
10.0.52.198,Workstation
10.0.147.16,Workstation
10.0.70.175,Workstation
10.0.187.170,Workstation
10.0.11.132,Workstation
10.0.132.150,Workstation
10.0.116.233,Workstation
10.0.137.252,Workstation
10.0.94.13,Workstation
10.0.163.190,Workstation
10.0.185.192,Workstation
10.0.244.252,Workstation
10.0.217.33,Workstation
10.0.154.135,Workstation
10.0.155.4,Workstation
10.0.51.123,Workstation
10.0.4.144,Workstation
10.0.20.110,Workstation
10.0.121.153,Workstation
10.0.136.89,Workstation
10.0.140.78,Workstation
10.0.44.41,Workstation
10.0.243.33,Workstation
10.0.240.57,Workstation
10.0.136.163,Workstation
10.0.138.136,Workstation
10.0.117.195,Workstation
10.0.80.194,Workstation
10.0.16.149,Workstation
10.0.155.86,Workstation
10.0.61.43,Workstation
10.0.49.177,Workstation
10.0.103.84,Workstation
10.0.58.25,Workstation
10.0.73.76,Workstation
10.0.76.221,Workstation
10.0.127.161,Workstation
10.0.126.8,Workstation
10.0.80.190,Workstation
10.0.18.11,Workstation
10.0.243.233,Workstation
10.0.164.173,Workstation
10.0.97.100,Workstation
10.0.224.123,Workstation
10.0.80.72,Workstation
10.0.66.226,Workstation
10.0.99.185,Workstation
10.0.137.136,Workstation
10.0.164.187,Workstation
10.0.82.64,Workstation
10.0.190.252,Workstation
10.0.136.123,Workstation
10.0.50.192,Workstation
10.0.218.30,Workstation
10.0.44.196,Workstation
10.0.82.175,Workstation
10.0.44.15,Workstation
10.0.9.229,Workstation
10.0.49.125,Workstation
10.0.113.21,Workstation
10.0.192.170,Workstation
10.0.200.60,Workstation
10.0.43.38,Workstation
10.0.147.124,Workstation
10.0.184.26,Workstation
10.0.68.228,Workstation
10.0.63.101,Workstation
10.0.248.108,Workstation
10.0.170.124,Workstation
10.0.124.89,Workstation
10.0.149.44,Workstation
10.0.213.236,Workstation
10.0.153.43,Workstation
10.0.102.225,Workstation
10.0.199.168,Workstation
10.0.136.221,Workstation
10.0.204.231,Workstation
10.0.125.229,Workstation
10.0.176.166,Workstation
10.0.139.198,Workstation
10.0.81.115,Workstation
10.0.245.98,Workstation
10.0.10.26,Workstation
10.0.64.4,Workstation
10.0.225.101,Workstation
10.0.193.247,Workstation
10.0.237.123,Workstation
10.0.53.194,Workstation
10.0.104.87,Workstation
10.0.8.167,Workstation
10.0.50.209,Workstation
10.0.119.79,Workstation
10.0.67.243,Workstation
10.0.3.193,Workstation
10.0.157.210,Workstation
10.0.78.135,Workstation
10.0.210.197,Workstation
10.0.146.251,Workstation
10.0.213.132,Workstation
10.0.228.38,Workstation
10.0.160.9,Workstation
10.0.128.160,Workstation
10.0.235.6,Workstation
10.0.30.41,Workstation
10.0.225.52,Workstation
10.0.111.15,Workstation
10.0.232.207,Workstation
10.0.0.210,Workstation
10.0.170.208,Workstation
10.0.182.129,Workstation
10.0.95.20,Workstation
10.0.158.165,Workstation
10.0.244.204,Workstation
10.0.153.147,Workstation
10.0.177.226,Workstation
10.0.254.11,Workstation
10.0.98.101,Workstation
10.0.147.18,Workstation
10.0.47.44,Workstation
10.0.251.41,Workstation
10.0.87.13,Workstation
10.0.140.116,Workstation
10.0.47.8,Workstation
10.0.75.202,Workstation
10.0.57.136,Workstation
10.0.63.178,Workstation
10.0.16.246,Workstation
10.0.221.238,Workstation
10.0.192.35,Workstation
10.0.17.236,Workstation
10.0.211.165,Workstation
10.0.64.87,Workstation
10.0.67.110,Workstation
10.0.24.226,Workstation
10.0.93.162,Workstation
10.0.159.179,Workstation
10.0.120.67,Workstation
10.0.178.219,Workstation
10.0.1.151,Workstation
10.0.248.215,Workstation
10.0.95.245,Workstation
10.0.6.38,Workstation
10.0.227.208,Workstation
10.0.208.75,Workstation
10.0.106.14,Workstation
10.0.92.246,Workstation
10.0.221.185,Workstation
10.0.9.78,Workstation
10.0.87.163,Workstation
10.0.68.34,Workstation
10.0.156.72,Workstation
10.0.192.29,Workstation
10.0.142.177,Workstation
10.0.198.65,Workstation
10.0.103.31,Workstation
10.0.208.141,Workstation
10.0.131.100,Workstation
10.0.251.149,Workstation
10.0.105.241,Workstation
10.0.226.71,Workstation
10.0.49.194,Workstation
10.0.122.167,Workstation
10.0.116.64,Workstation
10.0.128.13,Workstation
10.0.219.148,Workstation
10.0.84.228,Workstation
10.0.170.176,Workstation
10.0.34.5,Workstation
10.0.218.195,Workstation
10.0.229.213,Workstation
10.0.230.157,Workstation
10.0.91.8,Workstation
10.0.21.55,Workstation
10.0.14.2,Workstation
10.0.21.109,Workstation
10.0.211.167,Workstation
10.0.136.149,Workstation
10.0.153.64,Workstation
10.0.2.154,Workstation
10.0.43.28,Workstation
10.0.139.151,Workstation
10.0.35.106,Workstation
10.0.229.99,Workstation
10.0.58.136,Workstation
10.0.98.74,Workstation
10.0.164.30,Workstation
10.0.166.147,Workstation
10.0.216.96,Workstation
10.0.77.35,Workstation
10.0.149.108,Workstation
10.0.231.202,Workstation
10.0.203.180,Workstation
10.0.100.68,Workstation
10.0.39.42,Workstation
10.0.116.131,Workstation
10.0.200.116,Workstation
10.0.148.96,Workstation
10.0.132.101,Workstation
10.0.138.179,Workstation
10.0.93.10,Workstation
10.0.119.248,Workstation
10.0.69.243,Workstation
10.0.208.120,Workstation
10.0.155.17,Workstation
10.0.243.43,Workstation
10.0.226.166,Workstation
10.0.55.153,Workstation
10.0.113.52,Workstation
10.0.232.149,Workstation
10.0.113.121,Workstation
10.0.130.9,Workstation
10.0.29.83,Workstation
10.0.154.107,Workstation
10.0.138.81,Workstation
10.0.73.155,Workstation
10.0.104.63,Workstation
10.0.255.184,Workstation
10.0.191.2,Workstation
10.0.235.152,Workstation
10.0.129.213,Workstation
10.0.1.213,Workstation
10.0.91.119,Workstation
10.0.12.58,Workstation
10.0.223.248,Workstation
10.0.212.179,Workstation
10.0.64.123,Workstation
10.0.154.62,Workstation
10.0.105.62,Workstation
10.0.162.6,Workstation
10.0.209.162,Workstation
10.0.111.138,Workstation
10.0.12.186,Workstation
10.0.202.244,Workstation
10.0.193.103,Workstation
10.0.142.202,Workstation
10.0.236.183,Workstation
10.0.57.14,Workstation
10.0.222.160,Workstation
10.0.26.194,Workstation
10.0.159.211,Workstation
10.0.138.177,Workstation
10.0.137.12,Workstation
10.0.31.44,Workstation
10.0.62.122,Workstation
10.0.19.237,Workstation
10.0.216.241,Workstation
10.0.102.192,Workstation
10.0.73.174,Workstation
10.0.175.164,Workstation
10.0.178.236,Workstation
10.0.143.232,Workstation
10.0.83.162,Workstation
10.0.139.215,Workstation
10.0.68.136,Workstation
10.0.142.158,Workstation
10.0.86.171,Workstation
10.0.103.98,Workstation
10.0.183.172,Workstation
10.0.51.111,Workstation
10.0.213.84,Workstation
10.0.23.70,Workstation
10.0.165.251,Workstation
10.0.93.253,Workstation
10.0.188.161,Workstation
10.0.84.164,Workstation
10.0.40.42,Workstation
10.0.197.92,Workstation
10.0.148.86,Workstation
10.0.9.199,Workstation
10.0.159.213,Workstation
10.0.49.189,Workstation
10.0.70.48,Workstation
10.0.232.145,Workstation
10.0.190.54,Workstation
10.0.132.84,Workstation
10.0.130.126,Workstation
10.0.199.27,Workstation
10.0.116.95,Workstation
10.0.195.237,Workstation
10.0.13.183,Workstation
10.0.206.1,Workstation
10.0.88.46,Workstation
10.0.172.103,Workstation
10.0.201.150,Workstation
10.0.198.78,Workstation
10.0.25.162,Workstation
10.0.254.152,Workstation
10.0.204.120,Workstation
10.0.56.254,Workstation
10.0.205.248,Workstation
10.0.144.8,Workstation
10.0.84.112,Workstation
10.0.252.229,Workstation
10.0.104.143,Workstation
10.0.79.161,Workstation
10.0.201.11,Workstation
10.0.54.186,Workstation
10.0.158.190,Workstation
10.0.77.233,Workstation
10.0.229.29,Workstation
10.0.80.254,Workstation
10.0.243.229,Workstation
10.0.189.101,Workstation
10.0.254.14,Workstation
10.0.213.106,Workstation
10.0.0.120,Workstation
10.0.83.230,Workstation
10.0.20.3,Workstation
10.0.100.80,Workstation
10.0.118.170,Workstation
10.0.28.174,Workstation
10.0.47.198,Workstation
10.0.113.44,Workstation
10.0.61.99,Workstation
10.0.100.90,Workstation
10.0.120.167,Workstation
10.0.9.90,Workstation
10.0.100.69,Workstation
10.0.158.110,Workstation
10.0.51.190,Workstation
10.0.210.159,Workstation
10.0.127.102,Workstation
10.0.93.199,Workstation
10.0.112.114,Workstation
10.0.145.233,Workstation
10.0.88.236,Workstation
10.0.57.95,Workstation
10.0.191.213,Workstation
10.0.6.214,Workstation
10.0.4.154,Workstation
10.0.224.192,Workstation
10.0.139.16,Workstation
10.0.55.130,Workstation
10.0.87.146,Workstation
10.0.26.67,Workstation
10.0.172.150,Workstation
10.0.131.206,Workstation
10.0.204.9,Workstation
10.0.9.125,Workstation
10.0.242.49,Workstation
10.0.79.118,Workstation
10.0.40.72,Workstation
10.0.238.13,Workstation
10.0.141.205,Workstation
10.0.12.196,Workstation
10.0.76.41,Workstation
10.0.61.67,Workstation
10.0.1.72,Workstation
10.0.98.38,Workstation
10.0.74.177,Workstation
10.0.214.236,Workstation
10.0.43.254,Workstation
10.0.246.42,Workstation
10.0.8.45,Workstation
10.0.91.242,Workstation
10.0.35.143,Workstation
10.0.82.109,Workstation
10.0.227.97,Workstation
10.0.27.51,Workstation
10.0.82.210,Workstation
10.0.22.225,Workstation
10.0.180.159,Workstation
10.0.39.147,Workstation
10.0.115.218,Workstation
10.0.32.109,Workstation
10.0.110.69,Workstation
10.0.209.13,Workstation
10.0.225.184,Workstation
10.0.202.211,Workstation
10.0.147.105,Workstation
10.0.84.156,Workstation
10.0.210.182,Workstation
10.0.171.61,Workstation
10.0.53.122,Workstation
10.0.2.74,Workstation
10.0.34.46,Workstation
10.0.232.74,Workstation
10.0.56.109,Workstation
10.0.74.143,Workstation
10.0.42.86,Workstation
10.0.187.159,Workstation
10.0.217.45,Workstation
10.0.117.61,Workstation
10.0.73.80,Workstation
10.0.23.122,Workstation
10.0.109.112,Workstation
10.0.213.246,Workstation
10.0.2.19,Workstation
10.0.49.93,Workstation
10.0.214.107,Workstation
10.0.138.24,Workstation
10.0.143.216,Workstation
10.0.168.217,Workstation
10.0.83.238,Workstation
10.0.177.173,Workstation
10.0.210.175,Workstation
10.0.35.130,Workstation
10.0.45.155,Workstation
10.0.178.1,Workstation
10.0.73.243,Workstation
10.0.149.69,Workstation
10.0.250.112,Workstation
10.0.87.234,Workstation
10.0.182.226,Workstation
10.0.7.173,Workstation
10.0.124.233,Workstation
10.0.185.239,Workstation
10.0.136.112,Workstation
10.0.205.13,Workstation
10.0.155.57,Workstation
10.0.47.136,Workstation
10.0.36.102,Workstation
10.0.91.197,Workstation
10.0.54.208,Workstation
10.0.59.228,Workstation
10.0.76.23,Workstation
10.0.83.169,Workstation
10.0.109.143,Workstation
10.0.24.100,Workstation
10.0.16.249,Workstation
10.0.105.106,Workstation
10.0.5.56,Workstation
10.0.97.246,Workstation
10.0.43.14,Workstation
10.0.12.244,Workstation
10.0.215.189,Workstation
10.0.50.79,Workstation
10.0.144.124,Workstation
10.0.157.107,Workstation
10.0.100.93,Workstation
10.0.200.132,Workstation
10.0.57.225,Workstation
10.0.253.243,Workstation
10.0.193.7,Workstation
10.0.20.135,Workstation
10.0.203.115,Workstation
10.0.23.217,Workstation
10.0.173.43,Workstation
10.0.98.242,Workstation
10.0.157.134,Workstation
10.0.61.237,Workstation
10.0.248.191,Workstation
10.0.0.173,Workstation
10.0.213.152,Workstation
10.0.175.35,Workstation
10.0.65.33,Workstation
10.0.145.16,Workstation
10.0.137.161,Workstation
10.0.233.184,Workstation
10.0.158.134,Workstation
10.0.15.232,Workstation
10.0.166.203,Workstation
10.0.71.19,Workstation
10.0.178.125,Workstation
10.0.154.157,Workstation
10.0.230.103,Workstation
10.0.93.142,Workstation
10.0.250.202,Workstation
10.0.157.213,Workstation
10.0.95.178,Workstation
10.0.199.3,Workstation
10.0.75.48,Workstation
10.0.9.242,Workstation
10.0.66.180,Workstation
10.0.232.148,Workstation
10.0.234.102,Workstation
10.0.205.143,Workstation
10.0.113.57,Workstation
10.0.230.26,Workstation
10.0.38.130,Workstation
10.0.12.165,Workstation
10.0.77.1,Workstation
10.0.55.49,Workstation
10.0.111.193,Workstation
10.0.72.28,Workstation
10.0.29.193,Workstation
10.0.139.203,Workstation
10.0.206.193,Workstation
10.0.253.206,Workstation
10.0.90.123,Workstation
10.0.241.225,Workstation
10.0.254.163,Workstation
10.0.86.121,Workstation
10.0.80.183,Workstation
10.0.16.202,Workstation
10.0.199.145,Workstation
10.0.255.146,Workstation
10.0.135.84,Workstation
10.0.195.249,Workstation
10.0.221.214,Workstation
10.0.201.224,Workstation
10.0.204.77,Workstation
10.0.27.224,Workstation
10.0.223.216,Workstation
10.0.89.83,Workstation
10.0.37.30,Workstation
10.0.254.232,Workstation
10.0.203.131,Workstation
10.0.88.152,Workstation
10.0.106.50,Workstation
10.0.73.16,Workstation
10.0.48.46,Workstation
10.0.51.106,Workstation
10.0.250.34,Workstation
10.0.229.5,Workstation
10.0.145.34,Workstation
10.0.230.20,Workstation
10.0.222.10,Workstation
10.0.154.221,Workstation
10.0.88.107,Workstation
10.0.179.200,Workstation
10.0.18.227,Workstation
10.0.163.94,Workstation
10.0.136.169,Workstation
10.0.4.184,Workstation
10.0.152.244,Workstation
10.0.126.154,Workstation
10.0.225.224,Workstation
10.0.72.40,Workstation
10.0.53.230,Workstation
10.0.222.30,Workstation
10.0.102.208,Workstation
10.0.248.12,Workstation
10.0.225.105,Workstation
10.0.140.172,Workstation
10.0.134.244,Workstation
10.0.254.5,Workstation
10.0.90.187,Workstation
10.0.236.82,Workstation
10.0.247.204,Workstation
10.0.105.183,Workstation
10.0.240.7,Workstation
10.0.88.194,Workstation
10.0.164.156,Workstation
10.0.254.109,Workstation
10.0.15.115,Workstation
10.0.4.2,Workstation
10.0.153.45,Workstation
10.0.130.36,Workstation
10.0.239.204,Workstation
10.0.63.62,Workstation
10.0.107.105,Workstation
10.0.167.87,Workstation
10.0.81.78,Workstation
10.0.161.217,Workstation
10.0.202.106,Workstation
10.0.148.72,Workstation
10.0.151.90,Workstation
10.0.191.170,Workstation
10.0.167.245,Workstation
10.0.226.250,Workstation
10.0.242.187,Workstation
10.0.185.4,Workstation
10.0.111.227,Workstation
10.0.244.86,Workstation
10.0.123.68,Workstation
10.0.232.124,Workstation
10.0.216.130,Workstation
10.0.196.209,Workstation
10.0.171.223,Workstation
10.0.115.157,Workstation
10.0.123.55,Workstation
10.0.226.235,Workstation
10.0.173.116,Workstation
10.0.151.105,Workstation
10.0.202.162,Workstation
10.0.98.160,Workstation
10.0.37.107,Workstation
10.0.109.145,Workstation
10.0.176.186,Workstation
10.0.229.126,Workstation
10.0.50.17,Workstation
10.0.69.109,Workstation
10.0.121.16,Workstation
10.0.201.248,Workstation
10.0.6.21,Workstation
10.0.55.15,Workstation
10.0.120.61,Workstation
10.0.236.164,Workstation
10.0.63.190,Workstation
10.0.58.121,Workstation
10.0.40.151,Workstation
10.0.105.21,Workstation
10.0.234.180,Workstation
10.0.46.34,Workstation
10.0.216.177,Workstation
10.0.251.210,Workstation
10.0.234.205,Workstation
10.0.109.57,Workstation
10.0.240.212,Workstation
10.0.225.252,Workstation
10.0.33.192,Workstation
10.0.141.128,Workstation
10.0.49.131,Workstation
10.0.244.14,Workstation
10.0.20.116,Workstation
10.0.196.120,Workstation
10.0.70.12,Workstation
10.0.95.28,Workstation
10.0.145.11,Workstation
10.0.239.47,Workstation
10.0.144.67,Workstation
10.0.23.60,Workstation
10.0.226.171,Workstation
10.0.20.1,Workstation
10.0.6.135,Workstation
10.0.51.8,Workstation
10.0.63.203,Workstation
10.0.203.23,Workstation
10.0.217.245,Workstation
10.0.45.21,Workstation
10.0.50.136,Workstation
10.0.198.149,Workstation
10.0.99.66,Workstation
10.0.101.130,Workstation
10.0.158.154,Workstation
10.0.201.172,Workstation
10.0.46.4,Workstation
10.0.88.73,Workstation
10.0.152.173,Workstation
10.0.29.252,Workstation
10.0.190.246,Workstation
10.0.58.146,Workstation
10.0.23.4,Workstation
10.0.16.194,Workstation
10.0.69.228,Workstation
10.0.51.248,Workstation
10.0.145.44,Workstation
10.0.152.114,Workstation
10.0.84.179,Workstation
10.0.177.150,Workstation
10.0.156.56,Workstation
10.0.61.96,Workstation
10.0.52.175,Workstation
10.0.35.191,Workstation
10.0.184.97,Workstation
10.0.222.185,Workstation
10.0.16.104,Workstation
10.0.154.113,Workstation
10.0.233.150,Workstation
10.0.52.229,Workstation
10.0.144.198,Workstation
10.0.8.1,Workstation
10.0.23.173,Workstation
10.0.135.25,Workstation
10.0.160.202,Workstation
10.0.110.123,Workstation
10.0.66.147,Workstation
10.0.90.2,Workstation
10.0.3.219,Workstation
10.0.101.114,Workstation
10.0.112.125,Workstation
10.0.96.177,Workstation
10.0.86.236,Workstation
10.0.141.161,Workstation
10.0.134.127,Workstation
10.0.202.27,Workstation
10.0.112.95,Workstation
10.0.15.29,Workstation
10.0.86.229,Workstation
10.0.107.7,Workstation
10.0.236.8,Workstation
10.0.130.71,Workstation
10.0.138.213,Workstation
10.0.225.203,Workstation
10.0.172.96,Workstation
10.0.167.17,Workstation
10.0.138.79,Workstation
10.0.5.111,Workstation
10.0.145.37,Workstation
10.0.37.43,Workstation
10.0.149.203,Workstation
10.0.186.245,Workstation
10.0.54.190,Workstation
10.0.90.245,Workstation
10.0.97.234,Workstation
10.0.222.123,Workstation
10.0.39.18,Workstation
10.0.246.48,Workstation
10.0.73.97,Workstation
10.0.163.17,Workstation
10.0.188.159,Workstation
10.0.18.65,Workstation
10.0.108.85,Workstation
10.0.35.202,Workstation
10.0.178.240,Workstation
10.0.185.170,Workstation
10.0.101.7,Workstation
10.0.69.122,Workstation
10.0.141.220,Workstation
10.0.209.4,Workstation
10.0.31.33,Workstation
10.0.3.124,Workstation
10.0.130.176,Workstation
10.0.4.76,Workstation
10.0.220.23,Workstation
10.0.158.52,Workstation
10.0.210.108,Workstation
10.0.79.128,Workstation
10.0.219.48,Workstation
10.0.75.121,Workstation
10.0.85.208,Workstation
10.0.87.116,Workstation
10.0.105.5,Workstation
10.0.251.132,Workstation
10.0.57.247,Workstation
10.0.43.21,Workstation
10.0.98.119,Workstation
10.0.219.132,Workstation
10.0.65.159,Workstation
10.0.51.231,Workstation
10.0.126.57,Workstation
10.0.185.90,Workstation
10.0.244.150,Workstation
10.0.242.227,Workstation
10.0.239.29,Workstation
10.0.154.208,Workstation
10.0.12.156,Workstation
10.0.30.200,Workstation
10.0.54.68,Workstation
10.0.111.10,Workstation
10.0.214.202,Workstation
10.0.85.15,Workstation
10.0.74.198,Workstation
10.0.221.211,Workstation
10.0.188.204,Workstation
10.0.14.229,Workstation
10.0.3.244,Workstation
10.0.90.55,Workstation
10.0.185.141,Workstation
10.0.79.147,Workstation
10.0.37.19,Workstation
10.0.38.135,Workstation
10.0.183.205,Workstation
10.0.36.214,Workstation
10.0.215.210,Workstation
10.0.250.112,Workstation
10.0.243.195,Workstation
10.0.55.209,Workstation
10.0.193.82,Workstation
10.0.233.112,Workstation
10.0.238.26,Workstation
10.0.159.126,Workstation
10.0.63.156,Workstation
10.0.170.222,Workstation
10.0.245.225,Workstation
10.0.134.246,Workstation
10.0.23.22,Workstation
10.0.163.85,Workstation
10.0.212.49,Workstation
10.0.224.46,Workstation
10.0.217.7,Workstation
10.0.60.131,Workstation
10.0.113.165,Workstation
10.0.229.224,Workstation
10.0.160.147,Workstation
10.0.128.5,Workstation
10.0.247.158,Workstation
10.0.123.236,Workstation
10.0.145.6,Workstation
10.0.84.56,Workstation
10.0.161.103,Workstation
10.0.14.164,Workstation
10.0.26.252,Workstation
10.0.42.101,Workstation
10.0.3.205,Workstation
10.0.215.119,Workstation
10.0.98.37,Workstation
10.0.244.236,Workstation
10.0.73.106,Workstation
10.0.65.236,Workstation
10.0.118.108,Workstation
10.0.16.225,Workstation
10.0.49.12,Workstation
10.0.165.227,Workstation
10.0.245.35,Workstation
10.0.185.4,Workstation
10.0.133.180,Workstation
10.0.241.164,Workstation
10.0.171.156,Workstation
10.0.60.106,Workstation
10.0.209.61,Workstation
10.0.180.157,Workstation
10.0.254.20,Workstation
10.0.198.57,Workstation
10.0.162.237,Workstation
10.0.129.181,Workstation
10.0.205.40,Workstation
10.0.49.111,Workstation
10.0.143.58,Workstation
10.0.54.79,Workstation
10.0.114.90,Workstation
10.0.80.229,Workstation
10.0.71.94,Workstation
10.0.80.239,Workstation
10.0.134.37,Workstation
10.0.29.128,Workstation
10.0.196.187,Workstation
10.0.75.21,Workstation
10.0.150.11,Workstation
10.0.158.41,Workstation
10.0.17.112,Workstation
10.0.251.194,Workstation
10.0.178.209,Workstation
10.0.66.84,Workstation
10.0.168.179,Workstation
10.0.128.66,Workstation
10.0.192.151,Workstation
10.0.173.96,Workstation
10.0.142.150,Workstation
10.0.196.185,Workstation
10.0.173.209,Workstation
10.0.87.199,Workstation
10.0.11.69,Workstation
10.0.61.208,Workstation
10.0.121.200,Workstation
10.0.30.22,Workstation
10.0.192.239,Workstation
10.0.155.69,Workstation
10.0.141.157,Workstation
10.0.50.238,Workstation
10.0.127.81,Workstation
10.0.43.188,Workstation
10.0.253.34,Workstation
10.0.99.38,Workstation
10.0.77.58,Workstation
10.0.110.178,Workstation
10.0.117.25,Workstation
10.0.155.27,Workstation
10.0.4.208,Workstation
10.0.81.153,Workstation
10.0.140.34,Workstation
10.0.148.100,Workstation
10.0.35.130,Workstation
10.0.247.164,Workstation
10.0.164.18,Workstation
10.0.87.91,Workstation
10.0.155.85,Workstation
10.0.189.253,Workstation
10.0.228.23,Workstation
10.0.162.92,Workstation
10.0.106.8,Workstation
10.0.56.171,Workstation
10.0.184.218,Workstation
10.0.72.212,Workstation
10.0.204.84,Workstation
10.0.120.119,Workstation
10.0.152.20,Workstation
10.0.34.159,Workstation
10.0.152.144,Workstation
10.0.195.15,Workstation
10.0.53.128,Workstation
10.0.72.177,Workstation
10.0.213.126,Workstation
10.0.2.6,Workstation
10.0.235.104,Workstation
10.0.243.222,Workstation
10.0.8.63,Workstation
10.0.214.90,Workstation
10.0.169.210,Workstation
10.0.160.199,Workstation
10.0.23.41,Workstation
10.0.88.190,Workstation
10.0.160.165,Workstation
10.0.62.166,Workstation
10.0.126.132,Workstation
10.0.2.126,Workstation
10.0.118.147,Workstation
10.0.205.59,Workstation
10.0.24.249,Workstation
10.0.158.154,Workstation
10.0.106.220,Workstation
10.0.144.45,Workstation
10.0.132.130,Workstation
10.0.104.241,Workstation
10.0.45.144,Workstation
10.0.25.192,Workstation
10.0.126.223,Workstation
10.0.74.146,Workstation
10.0.45.91,Workstation
10.0.169.1,Workstation
10.0.128.129,Workstation
10.0.207.190,Workstation
10.0.215.103,Workstation
10.0.109.12,Workstation
10.0.92.56,Workstation
10.0.60.94,Workstation
10.0.161.64,Workstation
10.0.133.234,Workstation
10.0.228.72,Workstation
10.0.33.117,Workstation
10.0.109.169,Workstation
10.0.94.17,Workstation
10.0.240.60,Workstation
10.0.231.49,Workstation
10.0.122.78,Workstation
10.0.144.109,Workstation
10.0.251.97,Workstation
10.0.54.220,Workstation
10.0.63.6,Workstation
10.0.108.175,Workstation
10.0.230.213,Workstation
10.0.65.203,Workstation
10.0.167.92,Workstation
10.0.128.244,Workstation
10.0.172.33,Workstation
10.0.6.221,Workstation
10.0.59.205,Workstation
10.0.13.192,Workstation
10.0.124.77,Workstation
10.0.154.102,Workstation
10.0.18.98,Workstation
10.0.170.249,Workstation
10.0.238.16,Workstation
10.0.93.190,Workstation
10.0.58.158,Workstation
10.0.7.79,Workstation
10.0.24.233,Workstation
10.0.148.67,Workstation
10.0.241.146,Workstation
10.0.132.49,Workstation
10.0.154.229,Workstation
10.0.205.88,Workstation
10.0.241.160,Workstation
10.0.181.207,Workstation
10.0.245.22,Workstation
10.0.170.231,Workstation
10.0.100.180,Workstation
10.0.21.54,Workstation
10.0.136.146,Workstation
10.0.132.195,Workstation
10.0.217.140,Workstation
10.0.202.162,Workstation
10.0.164.153,Workstation
10.0.68.237,Workstation
10.0.108.162,Workstation
10.0.113.17,Workstation
10.0.204.174,Workstation
10.0.160.154,Workstation
10.0.163.63,Workstation
10.0.98.64,Workstation
10.0.189.47,Workstation
10.0.183.26,Workstation
10.0.32.222,Workstation
10.0.163.220,Workstation
10.0.169.54,Workstation
10.0.72.152,Workstation
10.0.113.88,Workstation
10.0.133.208,Workstation
10.0.205.156,Workstation
10.0.187.205,Workstation
10.0.255.216,Workstation
10.0.199.17,Workstation
10.0.180.155,Workstation
10.0.132.101,Workstation
10.0.194.74,Workstation
10.0.15.227,Workstation
10.0.8.70,Workstation
10.0.198.200,Workstation
10.0.74.173,Workstation
10.0.181.32,Workstation
10.0.151.154,Workstation
10.0.123.231,Workstation
10.0.4.101,Workstation
10.0.225.231,Workstation
10.0.160.119,Workstation
10.0.79.231,Workstation
10.0.203.104,Workstation
10.0.68.234,Workstation
10.0.68.93,Workstation
10.0.154.136,Workstation
10.0.128.16,Workstation
10.0.27.224,Workstation
10.0.88.72,Workstation
10.0.255.83,Workstation
10.0.44.30,Workstation
10.0.243.59,Workstation
10.0.210.18,Workstation
10.0.139.124,Workstation
10.0.85.92,Workstation
10.0.195.148,Workstation
10.0.248.75,Workstation
10.0.190.208,Workstation
10.0.146.237,Workstation
10.0.89.12,Workstation
10.0.2.111,Workstation
10.0.224.92,Workstation
10.0.111.30,Workstation
10.0.7.214,Workstation
10.0.125.197,Workstation
10.0.84.168,Workstation
10.0.54.27,Workstation
10.0.178.6,Workstation
10.0.52.76,Workstation
10.0.68.39,Workstation
10.0.218.90,Workstation
10.0.150.53,Workstation
10.0.212.160,Workstation
10.0.65.7,Workstation
10.0.189.187,Workstation
10.0.127.202,Workstation
10.0.63.92,Workstation
10.0.84.236,Workstation
10.0.151.5,Workstation
10.0.76.143,Workstation
10.0.183.79,Workstation
10.0.30.137,Workstation
10.0.132.190,Workstation
10.0.218.178,Workstation
10.0.99.41,Workstation
10.0.178.81,Workstation
10.0.24.78,Workstation
10.0.35.108,Workstation
10.0.237.37,Workstation
10.0.225.173,Workstation
10.0.174.136,Workstation
10.0.187.234,Workstation
10.0.94.180,Workstation
10.0.153.157,Workstation
10.0.12.194,Workstation
10.0.38.8,Workstation
10.0.167.247,Workstation
10.0.170.207,Workstation
10.0.103.192,Workstation
10.0.128.104,Workstation
10.0.244.233,Workstation
10.0.148.126,Workstation
10.0.150.26,Workstation
10.0.49.39,Workstation
10.0.155.63,Workstation
10.0.13.181,Workstation
10.0.141.40,Workstation
10.0.155.219,Workstation
10.0.25.33,Workstation
10.0.144.5,Workstation
10.0.154.58,Workstation
10.0.225.38,Workstation
10.0.223.17,Workstation
10.0.90.187,Workstation
10.0.11.169,Workstation
10.0.96.85,Workstation
10.0.17.100,Workstation
10.0.192.153,Workstation
10.0.3.233,Workstation
10.0.69.152,Workstation
10.0.228.238,Workstation
10.0.68.228,Workstation
10.0.13.51,Workstation
10.0.1.87,Workstation
10.0.40.221,Workstation
10.0.163.186,Workstation
10.0.5.134,Workstation
10.0.123.5,Workstation
10.0.35.45,Workstation
10.0.48.19,Workstation
10.0.191.88,Workstation
10.0.202.62,Workstation
10.0.46.22,Workstation
10.0.219.60,Workstation
10.0.116.177,Workstation
10.0.36.4,Workstation
10.0.130.120,Workstation
10.0.6.114,Workstation
10.0.20.54,Workstation
10.0.111.83,Workstation
10.0.220.169,Workstation
10.0.16.176,Workstation
10.0.14.218,Workstation
10.0.59.229,Workstation
10.0.211.186,Workstation
10.0.132.190,Workstation
10.0.179.197,Workstation
10.0.46.164,Workstation
10.0.136.84,Workstation
10.0.205.24,Workstation
10.0.118.134,Workstation
10.0.251.51,Workstation
10.0.127.230,Workstation
10.0.16.181,Workstation
10.0.27.111,Workstation
10.0.21.194,Workstation
10.0.219.162,Workstation
10.0.85.16,Workstation
10.0.106.67,Workstation
10.0.129.121,Workstation
10.0.74.51,Workstation
10.0.63.206,Workstation
10.0.242.182,Workstation
10.0.235.18,Workstation
10.0.50.137,Workstation
10.0.43.74,Workstation
10.0.60.253,Workstation
10.0.171.21,Workstation
10.0.12.116,Workstation
10.0.94.196,Workstation
10.0.92.176,Workstation
10.0.198.99,Workstation
10.0.113.248,Workstation
10.0.208.58,Workstation
10.0.143.81,Workstation
10.0.54.158,Workstation
10.0.255.169,Workstation
10.0.57.61,Workstation
10.0.229.108,Workstation
10.0.186.39,Workstation
10.0.95.221,Workstation
10.0.54.201,Workstation
10.0.248.168,Workstation
10.0.92.197,Workstation
10.0.188.199,Workstation
10.0.159.27,Workstation
10.0.79.191,Workstation
10.0.20.162,Workstation
10.0.66.124,Workstation
10.0.211.28,Workstation
10.0.67.128,Workstation
10.0.30.64,Workstation
10.0.250.150,Workstation
10.0.52.173,Workstation
10.0.158.32,Workstation
10.0.106.69,Workstation
10.0.186.161,Workstation
10.0.132.110,Workstation
10.0.123.135,Workstation
10.0.146.82,Workstation
10.0.108.106,Workstation
10.0.241.142,Workstation
10.0.20.242,Workstation
10.0.15.23,Workstation
10.0.136.252,Workstation
10.0.85.18,Workstation
10.0.231.245,Workstation
10.0.151.150,Workstation
10.0.75.6,Workstation
10.0.118.249,Workstation
10.0.108.116,Workstation
10.0.32.142,Workstation
10.0.206.204,Workstation
10.0.151.42,Workstation
10.0.1.21,Workstation
10.0.21.63,Workstation
10.0.63.59,Workstation
10.0.238.203,Workstation
10.0.158.87,Workstation
10.0.54.13,Workstation
10.0.121.194,Workstation
10.0.81.150,Workstation
10.0.34.11,Workstation
10.0.68.104,Workstation
10.0.199.120,Workstation
10.0.70.60,Workstation
10.0.240.99,Workstation
10.0.170.183,Workstation
10.0.217.102,Workstation
10.0.137.70,Workstation
10.0.103.140,Workstation
10.0.213.251,Workstation
10.0.8.147,Workstation
10.0.3.21,Workstation
10.0.142.201,Workstation
10.0.36.169,Workstation
10.0.52.125,Workstation
10.0.168.190,Workstation
10.0.44.67,Workstation
10.0.29.222,Workstation
10.0.16.100,Workstation
10.0.118.92,Workstation
10.0.2.104,Workstation
10.0.27.129,Workstation
10.0.114.119,Workstation
10.0.27.96,Workstation
10.0.55.19,Workstation
10.0.201.146,Workstation
10.0.39.2,Workstation
10.0.155.23,Workstation
10.0.117.40,Workstation
10.0.113.22,Workstation
10.0.173.252,Workstation
10.0.71.83,Workstation
10.0.52.115,Workstation
10.0.236.250,Workstation
10.0.78.135,Workstation
10.0.58.158,Workstation
10.0.177.84,Workstation
10.0.89.3,Workstation
10.0.66.3,Workstation
10.0.67.107,Workstation
10.0.150.49,Workstation
10.0.118.101,Workstation
10.0.57.103,Workstation
10.0.17.158,Workstation
10.0.207.147,Workstation
10.0.200.238,Workstation
10.0.59.195,Workstation
10.0.139.112,Workstation
10.0.38.99,Workstation
10.0.1.54,Workstation
10.0.17.192,Workstation
10.0.218.7,Workstation
10.0.191.101,Workstation
10.0.118.218,Workstation
10.0.31.10,Workstation
10.0.149.39,Workstation
10.0.116.183,Workstation
10.0.199.120,Workstation
10.0.115.34,Workstation
10.0.191.239,Workstation
10.0.29.31,Workstation
10.0.85.212,Workstation
10.0.10.133,Workstation
10.0.83.164,Workstation
10.0.21.156,Workstation
10.0.196.232,Workstation
10.0.75.206,Workstation
10.0.201.240,Workstation
10.0.97.229,Workstation
10.0.163.56,Workstation
10.0.5.222,Workstation
10.0.133.30,Workstation
10.0.173.54,Workstation
10.0.231.178,Workstation
10.0.40.236,Workstation
10.0.216.14,Workstation
10.0.204.181,Workstation
10.0.133.118,Workstation
10.0.125.251,Workstation
10.0.89.23,Workstation
10.0.32.221,Workstation
10.0.229.48,Workstation
10.0.149.225,Workstation
10.0.191.131,Workstation
10.0.146.80,Workstation
10.0.18.93,Workstation
10.0.56.62,Workstation
10.0.114.19,Workstation
10.0.67.5,Workstation
10.0.141.12,Workstation
10.0.209.187,Workstation
10.0.87.2,Workstation
10.0.70.59,Workstation
10.0.68.68,Workstation
10.0.123.184,Workstation
10.0.59.106,Workstation
10.0.28.239,Workstation
10.0.207.163,Workstation
10.0.107.130,Workstation
10.0.91.67,Workstation
10.0.63.98,Workstation
10.0.136.5,Workstation
10.0.159.85,Workstation
10.0.16.244,Workstation
10.0.67.10,Workstation
10.0.235.213,Workstation
10.0.76.92,Workstation
10.0.124.7,Workstation
10.0.159.248,Workstation
10.0.151.8,Workstation
10.0.58.216,Workstation
10.0.55.165,Workstation
10.0.241.139,Workstation
10.0.149.119,Workstation
10.0.76.161,Workstation
10.0.222.105,Workstation
10.0.114.173,Workstation
10.0.212.106,Workstation
10.0.127.190,Workstation
10.0.213.75,Workstation
10.0.200.49,Workstation
10.0.238.31,Workstation
10.0.19.189,Workstation
10.0.226.248,Workstation
10.0.236.21,Workstation
10.0.96.59,Workstation
10.0.38.60,Workstation
10.0.169.152,Workstation
10.0.40.155,Workstation
10.0.64.81,Workstation
10.0.209.194,Workstation
10.0.8.174,Workstation
10.0.125.234,Workstation
10.0.68.213,Workstation
10.0.21.167,Workstation
10.0.188.226,Workstation
10.0.254.16,Workstation
10.0.71.106,Workstation
10.0.94.104,Workstation
10.0.65.194,Workstation
10.0.227.139,Workstation
10.0.249.126,Workstation
10.0.101.243,Workstation
10.0.182.98,Workstation
10.0.214.182,Workstation
10.0.123.193,Workstation
10.0.232.73,Workstation
10.0.132.128,Workstation
10.0.40.121,Workstation
10.0.161.240,Workstation
10.0.168.224,Workstation
10.0.237.6,Workstation
10.0.32.176,Workstation
10.0.101.133,Workstation
10.0.23.70,Workstation
10.0.125.228,Workstation
10.0.172.234,Workstation
10.0.245.92,Workstation
10.0.176.143,Workstation
10.0.106.184,Workstation
10.0.58.125,Workstation
10.0.124.3,Workstation
10.0.28.74,Workstation
10.0.45.205,Workstation
10.0.109.109,Workstation
10.0.97.213,Workstation
10.0.222.185,Workstation
10.0.53.142,Workstation
10.0.163.169,Workstation
10.0.255.122,Workstation
10.0.233.104,Workstation
10.0.131.134,Workstation
10.0.141.123,Workstation
10.0.149.17,Workstation
10.0.57.188,Workstation
10.0.137.34,Workstation
10.0.189.52,Workstation
10.0.203.160,Workstation
10.0.139.95,Workstation
10.0.120.228,Workstation
10.0.240.161,Workstation
10.0.67.165,Workstation
10.0.214.73,Workstation
10.0.13.64,Workstation
10.0.71.251,Workstation
10.0.201.135,Workstation
10.0.188.212,Workstation
10.0.156.83,Workstation
10.0.37.235,Workstation
10.0.7.95,Workstation
10.0.147.170,Workstation
10.0.200.86,Workstation
10.0.137.244,Workstation
10.0.29.32,Workstation
10.0.149.72,Workstation
10.0.169.79,Workstation
10.0.182.248,Workstation
10.0.100.191,Workstation
10.0.202.26,Workstation
10.0.240.226,Workstation
10.0.155.13,Workstation
10.0.182.60,Workstation
10.0.138.213,Workstation
10.0.15.211,Workstation
10.0.0.243,Workstation
10.0.220.13,Workstation
10.0.227.204,Workstation
10.0.182.135,Workstation
10.0.122.68,Workstation
10.0.11.100,Workstation
10.0.132.132,Workstation
10.0.125.189,Workstation
10.0.30.212,Workstation
10.0.65.31,Workstation
10.0.78.147,Workstation
10.0.28.229,Workstation
10.0.95.160,Workstation
10.0.225.26,Workstation
10.0.184.87,Workstation
10.0.89.138,Workstation
10.0.45.245,Workstation
10.0.183.97,Workstation
10.0.126.55,Workstation
10.0.224.238,Workstation
10.0.186.147,Workstation
10.0.253.22,Workstation
10.0.239.17,Workstation
10.0.104.35,Workstation
10.0.219.215,Workstation
10.0.160.129,Workstation
10.0.122.60,Workstation
10.0.140.210,Workstation
10.0.247.24,Workstation
10.0.108.148,Workstation
10.0.40.110,Workstation
10.0.207.217,Workstation
10.0.201.103,Workstation
10.0.76.246,Workstation
10.0.145.126,Workstation
10.0.254.150,Workstation
10.0.188.79,Workstation
10.0.114.231,Workstation
10.0.40.14,Workstation
10.0.237.215,Workstation
10.0.192.248,Workstation
10.0.58.174,Workstation
10.0.210.198,Workstation
10.0.218.99,Workstation
10.0.166.117,Workstation
10.0.253.8,Workstation
10.0.216.169,Workstation
10.0.52.129,Workstation
10.0.222.36,Workstation
10.0.248.131,Workstation
10.0.119.72,Workstation
10.0.118.235,Workstation
10.0.65.17,Workstation
10.0.87.47,Workstation
10.0.173.206,Workstation
10.0.54.116,Workstation
10.0.224.67,Workstation
10.0.19.188,Workstation
10.0.180.191,Workstation
10.0.198.76,Workstation
10.0.208.11,Workstation
10.0.33.219,Workstation
10.0.237.25,Workstation
10.0.99.179,Workstation
10.0.251.167,Workstation
10.0.242.23,Workstation
10.0.72.233,Workstation
10.0.8.181,Workstation
10.0.180.236,Workstation
10.0.58.12,Workstation
10.0.108.105,Workstation
10.0.64.44,Workstation
10.0.142.245,Workstation
10.0.1.41,Workstation
10.0.29.57,Workstation
10.0.42.116,Workstation
10.0.60.102,Workstation
10.0.37.185,Workstation
10.0.203.222,Workstation
10.0.243.64,Workstation
10.0.186.166,Workstation
10.0.102.21,Workstation
10.0.84.59,Workstation
10.0.66.136,Workstation
10.0.232.233,Workstation
10.0.217.166,Workstation
10.0.234.211,Workstation
10.0.166.128,Workstation
10.0.35.238,Workstation
10.0.99.121,Workstation
10.0.176.51,Workstation
10.0.150.33,Workstation
10.0.118.162,Workstation
10.0.66.203,Workstation
10.0.13.156,Workstation
10.0.72.26,Workstation
10.0.161.174,Workstation
10.0.237.132,Workstation
10.0.39.234,Workstation
10.0.180.52,Workstation
10.0.96.45,Workstation
10.0.200.149,Workstation
10.0.166.36,Workstation
10.0.242.21,Workstation
10.0.66.178,Workstation
10.0.70.121,Workstation
10.0.2.192,Workstation
10.0.79.130,Workstation
10.0.214.236,Workstation
10.0.61.100,Workstation
10.0.228.98,Workstation
10.0.155.75,Workstation
10.0.111.227,Workstation
10.0.181.167,Workstation
10.0.109.78,Workstation
10.0.89.173,Workstation
10.0.230.14,Workstation
10.0.38.87,Workstation
10.0.183.29,Workstation
10.0.139.32,Workstation
10.0.29.227,Workstation
10.0.205.17,Workstation
10.0.77.128,Workstation
10.0.175.187,Workstation
10.0.241.167,Workstation
10.0.158.140,Workstation
10.0.205.83,Workstation
10.0.146.71,Workstation
10.0.97.75,Workstation
10.0.150.154,Workstation
10.0.94.155,Workstation
10.0.211.243,Workstation
10.0.91.138,Workstation
10.0.227.187,Workstation
10.0.144.227,Workstation
10.0.13.194,Workstation
10.0.48.31,Workstation
10.0.176.201,Workstation
10.0.188.30,Workstation
10.0.243.219,Workstation
10.0.73.70,Workstation
10.0.187.86,Workstation
10.0.35.3,Workstation
10.0.34.159,Workstation
10.0.4.252,Workstation
10.0.50.143,Workstation
10.0.247.29,Workstation
10.0.181.57,Workstation
10.0.255.224,Workstation
10.0.14.182,Workstation
10.0.177.200,Workstation
10.0.117.18,Workstation
10.0.194.236,Workstation
10.0.189.210,Workstation
10.0.119.252,Workstation
10.0.32.18,Workstation
10.0.166.51,Workstation
10.0.135.180,Workstation
10.0.17.171,Workstation
10.0.102.230,Workstation
10.0.47.77,Workstation
10.0.3.149,Workstation
10.0.73.244,Workstation
10.0.77.18,Workstation
10.0.125.193,Workstation
10.0.156.149,Workstation
10.0.117.71,Workstation
10.0.234.109,Workstation
10.0.173.47,Workstation
10.0.188.107,Workstation
10.0.59.192,Workstation
10.0.66.108,Workstation
10.0.26.148,Workstation
10.0.177.116,Workstation
10.0.175.105,Workstation
10.0.106.252,Workstation
10.0.216.83,Workstation
10.0.39.181,Workstation
10.0.214.56,Workstation
10.0.223.66,Workstation
10.0.34.49,Workstation
10.0.183.16,Workstation
10.0.212.66,Workstation
10.0.12.202,Workstation
10.0.29.211,Workstation
10.0.10.88,Workstation
10.0.107.113,Workstation
10.0.244.247,Workstation
10.0.39.80,Workstation
10.0.143.29,Workstation
10.0.173.71,Workstation
10.0.5.124,Workstation
10.0.87.50,Workstation
10.0.165.139,Workstation
10.0.162.174,Workstation
10.0.136.161,Workstation
10.0.245.201,Workstation
10.0.87.66,Workstation
10.0.72.143,Workstation
10.0.253.117,Workstation
10.0.198.76,Workstation
10.0.24.149,Workstation
10.0.132.225,Workstation
10.0.246.54,Workstation
10.0.46.202,Workstation
10.0.127.73,Workstation
10.0.68.238,Workstation
10.0.89.111,Workstation
10.0.24.213,Workstation
10.0.82.56,Workstation
10.0.142.231,Workstation
10.0.237.183,Workstation
10.0.125.33,Workstation
10.0.135.204,Workstation
10.0.250.241,Workstation
10.0.160.187,Workstation
10.0.250.230,Workstation
10.0.154.4,Workstation
10.0.36.250,Workstation
10.0.161.249,Workstation
10.0.235.210,Workstation
10.0.169.184,Workstation
10.0.200.157,Workstation
10.0.126.95,Workstation
10.0.127.51,Workstation
10.0.154.112,Workstation
10.0.215.44,Workstation
10.0.162.29,Workstation
10.0.98.195,WebServer
10.0.99.117,WebServer
10.0.228.223,WebServer
10.0.43.103,WebServer
10.0.104.142,WebServer
10.0.216.41,WebServer
10.0.225.105,WebServer
10.0.91.93,WebServer
10.0.115.38,WebServer
10.0.136.121,WebServer
10.0.80.53,WebServer
10.0.198.15,WebServer
10.0.189.250,WebServer
10.0.177.108,WebServer
10.0.171.59,WebServer
10.0.41.113,WebServer
10.0.23.130,WebServer
10.0.222.91,WebServer
10.0.172.142,WebServer
10.0.22.129,WebServer
10.0.119.188,WebServer
10.0.213.119,WebServer
10.0.137.167,WebServer
10.0.249.84,WebServer
10.0.154.238,WebServer
10.0.213.53,WebServer
10.0.222.77,WebServer
10.0.114.91,WebServer
10.0.165.184,WebServer
10.0.147.5,WebServer
10.0.239.202,WebServer
10.0.39.180,WebServer
10.0.212.130,WebServer
10.0.165.71,WebServer
10.0.66.67,WebServer
10.0.213.50,WebServer
10.0.95.204,WebServer
10.0.218.236,WebServer
10.0.219.138,WebServer
10.0.135.121,WebServer
10.0.88.118,WebServer
10.0.28.92,WebServer
10.0.134.26,WebServer
10.0.131.223,WebServer
10.0.198.128,WebServer
10.0.128.41,WebServer
10.0.20.42,WebServer
10.0.25.154,WebServer
10.0.227.249,WebServer
10.0.245.89,WebServer
